"","variant","conc","meanofthree","dev","assay"
"1","137R>C",0,4.34836117426554,0.232763285009344,"02.07.2021"
"2","137R>C",0.01,4.4312424659729,0.0272125418072815,"02.07.2021"
"3","137R>C",0.1,4.44306961695353,0.0901643279394467,"02.07.2021"
"4","137R>C",1,5.70278708140055,0.409059215609917,"02.07.2021"
"5","137R>C",10,50.565128326416,3.46435713957039,"02.07.2021"
"6","137R>C",100,255.998479207357,6.40398920043637,"02.07.2021"
"7","137R>C",1000,336.842829386393,6.58995392069217,"02.07.2021"
"8","137R>H",0,3.85831439495087,0.12306799288155,"02.07.2021"
"9","137R>H",0.01,3.87717966238658,0.128109108947782,"02.07.2021"
"10","137R>H",0.1,3.92824904123942,0.0330060859011355,"02.07.2021"
"11","137R>H",1,4.00082139174144,0.0763638565277314,"02.07.2021"
"12","137R>H",10,6.93686310450236,1.69626594885275,"02.07.2021"
"13","137R>H",100,99.9596583048503,15.3992575961364,"02.07.2021"
"14","137R>H",1000,321.784688313802,6.82460414848797,"02.07.2021"
"15","15G>R",0,3.41511205832163,0.189942345273017,"02.07.2021"
"16","15G>R",0.01,3.57054952780406,0.107289380532379,"02.07.2021"
"17","15G>R",0.1,3.51512654622396,0.107421873748954,"02.07.2021"
"18","15G>R",1,6.43351451555888,0.815227238527051,"02.07.2021"
"19","15G>R",10,73.1714744567871,1.60925184586644,"02.07.2021"
"20","15G>R",100,248.366226196289,7.11876174045022,"02.07.2021"
"21","15G>R",1000,284.682052612305,7.30410771282652,"02.07.2021"
"22","187M>T",0,3.49552202224731,0.096743169107994,"02.07.2021"
"23","187M>T",0.01,3.56019024054209,0.146978332646683,"02.07.2021"
"24","187M>T",0.1,3.33739538987478,0.125469490310859,"02.07.2021"
"25","187M>T",1,3.82323662439982,0.100619535982916,"02.07.2021"
"26","187M>T",10,14.6270434061686,2.69422778399122,"02.07.2021"
"27","187M>T",100,110.543104807536,24.5699900807877,"02.07.2021"
"28","187M>T",1000,256.107299804688,2.60826776696538,"02.07.2021"
"29","214R>H",0,2.75605928897858,0.168260949573927,"02.07.2021"
"30","214R>H",0.01,2.71487033367157,0.246239621465319,"02.07.2021"
"31","214R>H",0.1,2.94558433691661,0.406992346720604,"02.07.2021"
"32","214R>H",1,3.70946145057678,0.211355414040247,"02.07.2021"
"33","214R>H",10,17.6858129501343,1.27636850756641,"02.07.2021"
"34","214R>H",100,139.304484049479,6.36009562259407,"02.07.2021"
"35","214R>H",1000,225.408157348633,7.66260390174542,"02.07.2021"
"36","223A>D",0,2.61335198084513,0.312767547059277,"02.07.2021"
"37","223A>D",0.01,2.65389446417491,0.350829875989165,"02.07.2021"
"38","223A>D",0.1,2.99583327770233,0.153162370809935,"02.07.2021"
"39","223A>D",1,3.92608618736267,0.468104282203247,"02.07.2021"
"40","223A>D",10,27.0017795562744,11.1623601435602,"02.07.2021"
"41","223A>D",100,97.3799489339193,7.59064122878184,"02.07.2021"
"42","223A>D",1000,151.7101465861,1.63870873771969,"02.07.2021"
"43","231R>W",0,3.56856445471446,0.463840768097036,"02.07.2021"
"44","231R>W",0.01,3.82044339179993,0.309813463396956,"02.07.2021"
"45","231R>W",0.1,4.01287547747294,0.116833431041284,"02.07.2021"
"46","231R>W",1,13.3761078516642,2.44696222149871,"02.07.2021"
"47","231R>W",10,113.030876159668,19.3733827658823,"02.07.2021"
"48","231R>W",100,217.481035868327,6.03445164818378,"02.07.2021"
"49","231R>W",1000,219.496894836426,19.9894725884515,"02.07.2021"
"50","24T>M",0,3.65950099627177,0.0874878662266945,"02.07.2021"
"51","24T>M",0.01,4.01148744424184,0.114000093793186,"02.07.2021"
"52","24T>M",0.1,10.4119329452515,1.3601466099404,"02.07.2021"
"53","24T>M",1,85.9682121276855,12.880782351364,"02.07.2021"
"54","24T>M",10,270.969863891602,6.11032245823615,"02.07.2021"
"55","24T>M",100,408.19455464681,14.3312468280481,"02.07.2021"
"56","24T>M",1000,412.369216918945,4.92596091920553,"02.07.2021"
"57","255T>I",0,3.91003652413686,0.130653236332647,"02.07.2021"
"58","255T>I",0.01,3.89118631680806,0.0794691515342449,"02.07.2021"
"59","255T>I",0.1,3.98582363128662,0.146968926556859,"02.07.2021"
"60","255T>I",1,4.30406939983368,0.497984415427938,"02.07.2021"
"61","255T>I",10,14.3398460547129,14.4533924077152,"02.07.2021"
"62","255T>I",100,27.035818417867,1.13439066515998,"02.07.2021"
"63","255T>I",1000,122.478614807129,53.2046531767684,"02.07.2021"
"64","258A>T",0,3.0861896276474,0.391653648364378,"02.07.2021"
"65","258A>T",0.01,3.12630800406138,0.328754979012406,"02.07.2021"
"66","258A>T",0.1,3.2997594277064,0.414502013210451,"02.07.2021"
"67","258A>T",1,3.72279210885366,0.10376448161409,"02.07.2021"
"68","258A>T",10,48.2018299102783,6.66501150139064,"02.07.2021"
"69","258A>T",100,148.439743041992,2.52261520179909,"02.07.2021"
"70","258A>T",1000,177.026583353678,2.94235590186235,"02.07.2021"
"71","260T>N",0,3.76945730050405,0.0679798198671939,"02.07.2021"
"72","260T>N",0.01,3.75590133666992,0.0907410595131973,"02.07.2021"
"73","260T>N",0.1,4.74111557006836,0.435452036883911,"02.07.2021"
"74","260T>N",1,32.8205146789551,5.17904273570331,"02.07.2021"
"75","260T>N",10,168.391202290853,1.84817601921536,"02.07.2021"
"76","260T>N",100,289.878341674805,2.67874175550991,"02.07.2021"
"77","260T>N",1000,293.318639119466,4.76427718261826,"02.07.2021"
"78","263I>N",0,4.64592440923055,0.093578030948379,"02.07.2021"
"79","263I>N",0.01,4.68460067113241,0.06910754046227,"02.07.2021"
"80","263I>N",0.1,4.66370900472005,0.0728064933685551,"02.07.2021"
"81","263I>N",1,4.68902111053467,0.0382274155340854,"02.07.2021"
"82","263I>N",10,4.82909989356995,0.148288656579732,"02.07.2021"
"83","263I>N",100,32.8619187672933,0.253448233888035,"02.07.2021"
"84","263I>N",1000,137.195889790853,9.87453485040733,"02.07.2021"
"85","27S>L",0,3.61819211641947,0.0810999742245158,"02.07.2021"
"86","27S>L",0.01,3.40492566426595,0.121096261134388,"02.07.2021"
"87","27S>L",0.1,3.59127600987752,0.12217193011188,"02.07.2021"
"88","27S>L",1,3.86695178349813,0.0812283178184518,"02.07.2021"
"89","27S>L",10,14.3787406285604,0.859644805514898,"02.07.2021"
"90","27S>L",100,140.910049438477,5.04425824433212,"02.07.2021"
"91","27S>L",1000,348.23752339681,20.0489108664661,"02.07.2021"
"92","302Y>F",0,4.05015869935354,0.12929440358844,"02.07.2021"
"93","302Y>F",0.01,4.26797882715861,0.244447068542891,"02.07.2021"
"94","302Y>F",0.1,4.1305106083552,0.163296487334396,"02.07.2021"
"95","302Y>F",1,4.22169319788615,0.162514392671236,"02.07.2021"
"96","302Y>F",10,4.26169006029765,0.0127510247598111,"02.07.2021"
"97","302Y>F",100,4.26218605041504,0.0216464647278335,"02.07.2021"
"98","302Y>F",1000,5.06317981084188,0.249247646010698,"02.07.2021"
"99","321R>C",0,3.51269010702769,0.0889606805835685,"02.07.2021"
"100","321R>C",0.01,3.39675303300222,0.0811311326744184,"02.07.2021"
"101","321R>C",0.1,3.32092515627543,0.0218178160317171,"02.07.2021"
"102","321R>C",1,3.30222328503927,0.0691158854211219,"02.07.2021"
"103","321R>C",10,3.36713230609894,0.07782793199107,"02.07.2021"
"104","321R>C",100,4.91036081314087,0.271841333416981,"02.07.2021"
"105","321R>C",1000,19.7368154525757,1.49925697649642,"02.07.2021"
"106","348T>N",0,3.4419811964035,0.199080810809513,"02.07.2021"
"107","348T>N",0.01,3.59544897079468,0.102977805316868,"02.07.2021"
"108","348T>N",0.1,3.64584763844808,0.145856964459788,"02.07.2021"
"109","348T>N",1,7.70665486653646,0.884389902387555,"02.07.2021"
"110","348T>N",10,68.1049124399821,7.75987505501308,"02.07.2021"
"111","348T>N",100,235.422813415527,14.1376109098663,"02.07.2021"
"112","348T>N",1000,290.953877766927,2.63990124824476,"02.07.2021"
"113","361A>V",0,3.44378344217936,0.189841418471586,"02.07.2021"
"114","361A>V",0.01,3.53666194279989,0.180548449628516,"02.07.2021"
"115","361A>V",0.1,3.63668592770894,0.141257369936135,"02.07.2021"
"116","361A>V",1,6.51129333178202,0.832272977812853,"02.07.2021"
"117","361A>V",10,58.4839172363281,6.92611655672218,"02.07.2021"
"118","361A>V",100,238.605499267578,8.31046827700552,"02.07.2021"
"119","361A>V",1000,290.024759928385,2.18675922748745,"02.07.2021"
"120","372C>Y",0,3.74149139722188,0.0551938932392985,"02.07.2021"
"121","372C>Y",0.01,3.80130219459534,0.0135178891198072,"02.07.2021"
"122","372C>Y",0.1,4.28235570589701,0.0755284943824353,"02.07.2021"
"123","372C>Y",1,15.7138442993164,1.51413101256973,"02.07.2021"
"124","372C>Y",10,105.243041992188,3.3861276376229,"02.07.2021"
"125","372C>Y",100,243.888664245605,9.36693881241274,"02.07.2021"
"126","372C>Y",1000,284.512196858724,3.27717731345531,"02.07.2021"
"127","373H>P ",0,3.75689840316772,0.126884562347605,"02.07.2021"
"128","373H>P ",0.01,3.36505913734436,0.54407200675504,"02.07.2021"
"129","373H>P ",0.1,3.78685732682546,0.127384833030606,"02.07.2021"
"130","373H>P ",1,16.4021174112956,4.75081881281527,"02.07.2021"
"131","373H>P ",10,98.543160756429,19.4149168920979,"02.07.2021"
"132","373H>P ",100,257.049051920573,7.75741203466239,"02.07.2021"
"133","373H>P ",1000,305.094838460286,7.64961193599797,"02.07.2021"
"134","Reference",0,4.04998791217804,0.137380944377666,"02.07.2021"
"135","Reference",0.01,3.82315866152445,0.0397460252956891,"02.07.2021"
"136","Reference",0.1,4.43452334403992,0.25369480306486,"02.07.2021"
"137","Reference",1,18.1649783452352,3.07650348712155,"02.07.2021"
"138","Reference",10,124.962954203288,10.7465208376427,"02.07.2021"
"139","Reference",100,255.573842366536,8.06188347912321,"02.07.2021"
"140","Reference",1000,278.088750203451,8.82646877718077,"02.07.2021"
